,train_avg1,eval_avg1,train_avg2,eval_avg2,train_avg,eval_avg
0,0.2287399868061014,0.11504124162584237,0.0612874675471002,0.03459971072952362,0.29002745444072675,0.14964095235536598
1,0.0952352696425239,0.07854856009822327,0.027815542521608908,0.02313830973292442,0.12305081221610088,0.10168686983114768
2,0.06892918658862643,0.06103565533648651,0.02086197541925438,0.019457791794309093,0.08979116195317757,0.0804934471307956
3,0.06390089835156515,0.06028074052351242,0.01872991208361787,0.01791118077703358,0.0826308105808304,0.078191921300546
4,0.05542882861194807,0.053744328512307704,0.01707112972820164,0.01677524429006675,0.07249995846459957,0.07051957280237445
5,0.048729455478697274,0.04637382679404467,0.01584598678882164,0.015561926943534837,0.0645754422757244,0.06193575373757951
6,0.04693456089176051,0.05389697925920544,0.015140312257470364,0.015450379391972142,0.06207487306854361,0.06934735865117758
7,0.043344188772864015,0.04418979851445791,0.0143017339733499,0.014109708656816138,0.05764592273732464,0.05829950717127405
8,0.041601360406283504,0.040458660435149146,0.01371571895524192,0.01382792308203287,0.05531707928870174,0.05428658351718202
9,0.04201117228366511,0.04361011112857725,0.013475583621783513,0.013780819296939266,0.055486755962545126,0.05739093042551652
10,0.03959791579594215,0.03905808356593769,0.013036723132416191,0.013082014148754045,0.05263463908289498,0.05214009771469174
11,0.03935884254493596,0.03884349563687118,0.012790214181802456,0.012538882196461622,0.052149056634768605,0.051382377833332805
12,0.03743454071976211,0.037172591688169034,0.012355990668556348,0.012200839423872147,0.04979053148165586,0.04937343111204118
13,0.03680564870130648,0.03616132149056778,0.012159711565061989,0.011943775907645315,0.04896536030602831,0.048105097398213094
14,0.035909215306997214,0.036503414165779076,0.011876327201393097,0.012059432998478822,0.0477855425306135,0.0485628471642579
15,0.03500399354259961,0.035811132777008606,0.011646124165745866,0.011789847640608697,0.046650117692618294,0.0476009804176173
16,0.03448160978857422,0.036233174496192705,0.011507734045709064,0.011901965001565996,0.0459893438335995,0.048135139497758696
17,0.03408747421722536,0.03345752245973783,0.011289178523017578,0.011192221902598887,0.04537665267118011,0.044649744362336714
18,0.03306478196440508,0.03279414187950367,0.011140068711592609,0.011219099238418887,0.04420485072899145,0.044013241117922555
19,0.03303829052112176,0.032745411923584045,0.011067614847556216,0.011036429952676455,0.04410590537483209,0.043781841876260504
20,0.032486759725186796,0.03213171095065644,0.010931381036728489,0.010974187203890987,0.04341814079473722,0.043105898154547434
21,0.031593633170148,0.031627050226496665,0.01074598227332178,0.010917105707195923,0.042339615428084496,0.04254415593369259
22,0.03126019750900906,0.03652383668405801,0.010686455345432248,0.011862336841965561,0.04194665288418619,0.04838617352602357
23,0.030816531083690174,0.030217204713406637,0.010590933054745766,0.010519793139501792,0.041407464185617485,0.04073699785290843
24,0.030088542276793726,0.03372603812962258,0.010388098157964177,0.011001769750926298,0.04047664039509806,0.044727807880548885
25,0.029954832501260895,0.029790299224484826,0.010328057352672284,0.010167596972934723,0.04028288984367632,0.03995789619741955
26,0.03002353264470195,0.029758471649946626,0.010320545464108606,0.010211974785653586,0.0403440780554749,0.039970446435600215
27,0.028618913051561504,0.028970765266759495,0.010016958202575928,0.010092260494437772,0.038635871224050655,0.039063025761197266
28,0.028273936938193574,0.028777509815734893,0.009951378536450289,0.0099231853770713,0.038225315451053093,0.038700695192806195
29,0.027929235029577247,0.028392423590792415,0.009865028859921642,0.009757815933821537,0.037794263911722074,0.03815023952461395
30,0.027434121517850175,0.027597204353212286,0.009783062480783936,0.010120754008568645,0.0372171839849583,0.03771795836178093
31,0.027210833537617968,0.027065654048420925,0.009682477525710272,0.009620418366448013,0.03689331110298809,0.03668607241486894
32,0.02723256345884806,0.026443822248566805,0.009693314950768228,0.00937536893223646,0.0369258784728669,0.03581919118080327
33,0.026165553310505837,0.027268068250460725,0.009428384889562706,0.009515091963272375,0.03559393823562565,0.036783160213733096
34,0.025773560517520895,0.025669194188263408,0.009320412083801084,0.009351155519824718,0.03509397262491275,0.03502034970808813
35,0.02536774071264416,0.026004746028212542,0.009272481016021511,0.009270041957785635,0.03464022166644074,0.035274787985998174
36,0.024918504511983998,0.024968920730028776,0.009156338606582251,0.009220859293483478,0.03407484319104803,0.03418978002351226
37,0.024572797267999987,0.025296712975910643,0.009089274390391382,0.00914457632721597,0.03366207166078464,0.034441289303126614
38,0.024017091419974483,0.024519251742723472,0.008966171106449417,0.009017484148170581,0.03298326258146903,0.03353673589089405
39,0.023644399302690213,0.02392120557257912,0.008839093090244261,0.008930947678803732,0.032483492336521765,0.032852153251382854
40,0.02303937474325868,0.023757782819139997,0.008710060777038708,0.008791424343650489,0.03174943552542582,0.032549207162790486
41,0.02308900828956026,0.02308590858022577,0.008662767757021612,0.008880154684960484,0.0317517760122214,0.03196606326518625
42,0.02259811016125126,0.023096063407938097,0.008586199506953161,0.008694859816055885,0.03118430967230716,0.03179092322399398
43,0.02235335996442867,0.022546259503926813,0.00854017100879504,0.008832383543233742,0.030893530946897778,0.03137864304716056
44,0.021966663713699614,0.022156366767982643,0.008420053699563931,0.008535178582251226,0.03038671744711117,0.030691545350233867
45,0.021519773589821857,0.021929729080205317,0.008326106452794742,0.008325983879005992,0.029845880069626324,0.030255712959211308
46,0.02109608599552324,0.022700150538863186,0.008225666685576897,0.008428888893094157,0.029321752686912356,0.031129039431957342
47,0.020847687757575388,0.0212704954201618,0.008170677698217332,0.008217815502588334,0.02901836548878561,0.029488310922750133
48,0.02061915840945383,0.021092661477215717,0.008103578873853939,0.0083091167062585,0.028722737288094304,0.029401778183474215
49,0.02017743212804089,0.02197304454750519,0.007995641631007239,0.00857977053275351,0.02817307379939176,0.0305528150802587
50,0.01980741375581349,0.020288122587443627,0.00788591255327186,0.008085527566911275,0.027693326327889588,0.0283736501543549
51,0.019573410324035718,0.020476934362420512,0.00783564766411493,0.008130300126784189,0.027409057971226836,0.0286072344892047
52,0.019621089676589255,0.01964852967238713,0.007849123423629154,0.007898105426028985,0.02747021315868249,0.027546635098416115
53,0.01869242976620662,0.02053802325694319,0.007629741668918617,0.007820994165946836,0.02632217148726426,0.02835901742289003
54,0.01890184021405821,0.019468456212290375,0.007683189085270339,0.00771375155057182,0.026585029324628796,0.027182207762862193
55,0.018171725121139386,0.018941919188114376,0.007540361648740003,0.008003844005052526,0.025712086769195598,0.0269457631931669
56,0.01823632028459868,0.019092486092750355,0.007485282882602226,0.007819458721461626,0.025721603175064497,0.02691194481421198
57,0.017732633320510758,0.01933595319550574,0.007332447073668537,0.007842474640267053,0.025065080392640767,0.027178427835772793
58,0.0196517243695537,0.018907503538550585,0.0077728016542,0.0076862214632409135,0.027424526036061925,0.0265937250017915
59,0.01719509318529761,0.017990933023905222,0.007172969125852976,0.007503353173706898,0.02436806231384301,0.02549428619761212
60,0.016832238401008684,0.017938767134170353,0.0071396827725105525,0.007597540438821686,0.023971921211811503,0.025536307572992037
61,0.016852890219944208,0.0179154683733391,0.007119168552553634,0.007681210667752626,0.023972058769933628,0.025596679041091724
62,0.016845174661663836,0.01817987383666522,0.0070767733499219046,0.007495977491767648,0.023921948006286362,0.025675851328432867
63,0.016276588070612514,0.01739684091336846,0.006980698813155031,0.007174302893450733,0.023257286864963308,0.02457114380681919
64,0.016381014840712936,0.017280264704766655,0.006954800991427629,0.007473623323257488,0.023335815887356646,0.024753888028024144
65,0.015956528294727577,0.018018431884726297,0.006867925584502245,0.007230120013336751,0.02282445390521386,0.02524855189806305
66,0.017728646173006506,0.016996561509598673,0.0071824481497107075,0.006903008742680408,0.02491109432152058,0.02389957025227908
67,0.01554637959380135,0.016274467881935362,0.006722663954192999,0.007039499365887845,0.022269043562695844,0.023313967247823208
68,0.015142037689811639,0.0164634769212749,0.006644575020008435,0.0073468478810989465,0.02178661270742681,0.023810324802373845
69,0.015268167904092658,0.017114471487342492,0.006605669516056677,0.0070119265273303,0.021873837417585123,0.02412639801467279
70,0.015398005972016007,0.01635263446251193,0.006663209851865387,0.006876967704928515,0.022061215843540368,0.023229602167440445
71,0.015239217044052596,0.015688546080321483,0.006603704076520169,0.006808117800952284,0.02184292112877825,0.022496663881273766
72,0.014524401932757856,0.01591114981957676,0.006430768762426601,0.0066655661480315665,0.020955170683218127,0.022576715967608327
73,0.014895763283078498,0.016016887904135222,0.006452231443823533,0.006863228550270405,0.02134799469117398,0.022880116454405627
74,0.014549553460987194,0.015275798938029102,0.006376761828566985,0.006600603273240817,0.020926315297075875,0.02187640221126992
75,0.014341530710097715,0.015286686777415657,0.0063922625594388105,0.0071067623722069345,0.020733793284579916,0.02239344914962259
76,0.013999314186205642,0.015920208027759165,0.006270366504264616,0.006613495408419737,0.020269680708761652,0.0225337034361789
77,0.013888116090362905,0.015161845837863758,0.006188531658371498,0.006835852219975998,0.02007664776531632,0.021997698057839757
78,0.01380997139648719,0.014613412120587536,0.006211405995379855,0.00662484257145948,0.02002137740280769,0.021238254692047015
79,0.013394925512904068,0.014906333604206642,0.00610692616416724,0.006557621223423182,0.019501851695875545,0.021463954827629823
80,0.013682180597130948,0.014861315240782663,0.006124859825515143,0.00638194089672205,0.019807040430851575,0.021243256137504715
81,0.01322834523293503,0.014871891613576011,0.006043375615391569,0.006287676882306018,0.01927172086473757,0.02115956849588203
82,0.013048043729608848,0.01480508505453154,0.005945939407875156,0.0066155540809688185,0.01899398311633458,0.02142063913550036
83,0.012960537892004555,0.014607700236026467,0.0060028822285023336,0.006427827276788729,0.018963420091445794,0.021035527512815195
84,0.012797952612531036,0.014386398626549035,0.005917683438460853,0.006346489427630434,0.018715636043641144,0.020732888054179468
85,0.012723894685536908,0.014434720067902631,0.005888622572608621,0.0064108673526339,0.01861251727643692,0.02084558742053653
86,0.012587727925489916,0.014668369801759822,0.005818865200943654,0.006425693376738693,0.018406593143699277,0.021094063178498514
87,0.012382023919937195,0.01380422985808495,0.00582508430966667,0.005966118360866386,0.01820710824772431,0.019770348218951336
88,0.012224561324556429,0.013116170040930259,0.00569374478547239,0.00597118360272055,0.017918306089002262,0.01908735364365081
89,0.012232576733148724,0.016157900037634412,0.005674102480718852,0.006512327670180511,0.017906679242586775,0.022670227707814926
90,0.01468402474965468,0.013731455243163809,0.006113491140589085,0.005986209397117809,0.020797515906141893,0.01971766464028162
91,0.011687376795585503,0.013627600249645534,0.005483862097414755,0.006033396759611327,0.017171238886162354,0.019660997009256862
92,0.011503037180144357,0.012888608897213674,0.005478510172578141,0.005899842460463752,0.016981547309301806,0.018788451357677427
93,0.011498904447160146,0.013030143301050687,0.00549182958067388,0.006339607337854572,0.01699073399894388,0.01936975063890526
94,0.011408925833243455,0.013624735555813177,0.005518307538925999,0.006607314382113286,0.016927233357638908,0.020232049937926464
95,0.011648210552938161,0.012894653838409488,0.005496253184946842,0.0058526684405262935,0.017144463764894726,0.01874732227893578
96,0.011420482876963596,0.012974318227317837,0.005473903836593546,0.00583510280145121,0.016894386716805147,0.018809421028769046
97,0.011364253596149702,0.012656885384873221,0.005408397822732464,0.006073732053080119,0.01677265139939414,0.018730617437953342
98,0.011099478245265618,0.01299698867505461,0.005324510261710465,0.005834117872621288,0.016423988519797154,0.018831106547675898
99,0.01109094155826517,0.013276251837854431,0.00534595402523831,0.005979541872381601,0.01643689561131986,0.01925579371023603
100,0.010891744783544767,0.012469789638948911,0.005330341062768364,0.005737688836459185,0.016222085842039442,0.018207478475408097
101,0.01102463977285572,0.012278850300756004,0.005269572745821276,0.0057075870258548,0.016294212508591085,0.017986437326610805
102,0.010967254050612099,0.011937135211240077,0.0052164201262282555,0.005603266007801409,0.01618367419872165,0.017540401219041487
103,0.010765007955176693,0.011868570039938508,0.005171611935355688,0.005715101772496842,0.015936619888651957,0.01758367181243535
104,0.010719234031514318,0.011837412950445185,0.005217943509778065,0.0061760438530933095,0.015937177540266696,0.018013456803538493
105,0.010565591376020454,0.011987680439674055,0.005163323878318827,0.005953134980878418,0.01572891527297257,0.017940815420552474
106,0.010267139928724491,0.01157859188770152,0.005113838811298331,0.005565347084359512,0.015380978742245142,0.017143938972061033
107,0.010338324731730046,0.011969725530965836,0.0050839577157395,0.005590833065058409,0.015422282427981517,0.017560558596024244
108,0.01020855740192736,0.012149862521023992,0.00500166363533444,0.005746075468253076,0.015210221039142224,0.017895937989277067
109,0.010158562622813947,0.012400474943399839,0.005068396605146439,0.006061399207511258,0.015226959251551157,0.018461874150911096
110,0.010025818507076295,0.011354250881398461,0.004996500478711433,0.005404356143779771,0.015022319020148197,0.016758607025178233
111,0.010066823259805617,0.012090596096762983,0.004988114070728498,0.0056642440061286554,0.015054937311217036,0.01775484010289164
112,0.009895340219159198,0.01166567425931647,0.00490046510211002,0.005912478823579617,0.014795805321440167,0.01757815308289609
113,0.009716214728370724,0.01190367367124998,0.004823235303769367,0.0055689767596737525,0.014539450052824752,0.01747265043092373
114,0.01143092755159902,0.010902778519144686,0.005188089503261169,0.005395546922767439,0.01661901705639872,0.016298325441912124
115,0.00953142968124044,0.011222193254433138,0.0048066359052636965,0.005306875666833876,0.01433806557265738,0.016529068921267015
116,0.009530863451816569,0.011317721257607142,0.004742457501647691,0.005173966150948477,0.01427332093124107,0.016491687408555618
117,0.009395862236501384,0.010814154304602403,0.004791638268931891,0.005265416397834741,0.014187500516715816,0.016079570702437145
118,0.009465652792516236,0.011036076062899787,0.004773650651561061,0.005145351297647734,0.014239303440145503,0.01618142736054752
119,0.00944987448648975,0.0109973298337733,0.004751157230272254,0.00515926074111815,0.014201031727360756,0.01615659057489145
120,0.009428471100835263,0.012828228547145002,0.004771415515845196,0.005488616708806905,0.014199886631040059,0.018316845255951907
121,0.009240798909961084,0.010720100393038742,0.004655558463950504,0.005206918451915851,0.013896357373398744,0.015927018844954594
122,0.009188471516189487,0.011784008603312612,0.004614689914925398,0.005213194252695901,0.013803161431798676,0.016997202856008514
123,0.009444355804653682,0.01063412937009227,0.00472649412654291,0.005104037219357654,0.014170849944701453,0.015738166589449924
124,0.009091011485120449,0.010748563623983938,0.004560260149334364,0.0051025467351898295,0.01365127164334409,0.01585111035917377
125,0.008898006249547398,0.0104219636102159,0.004563252315938572,0.005001689098564159,0.013461258574204297,0.015423652708780058
126,0.008943308483967871,0.010793746136212113,0.004584750267759064,0.005612687067739998,0.01352805878711309,0.01640643320395211
127,0.00903452534663454,0.010364581784393471,0.004608560991664957,0.005027932454143807,0.013643086357274683,0.01539251423853728
128,0.008796544261440832,0.011250856922958623,0.004470979853751338,0.005193425287233339,0.013267524117499962,0.016444282210191962
129,0.008609897402018068,0.010583516191115085,0.004469856257255021,0.005136594710762763,0.013079753659785932,0.015720110901877846
130,0.00872652300581522,0.010466340972475478,0.004544602771475638,0.005078578723876183,0.013271125781564547,0.015544919696351661
131,0.008836580344329475,0.010737401591709902,0.004493288391867376,0.00504653569018065,0.013329868736880641,0.01578393728189055
132,0.008728474461666353,0.010473973760253325,0.004440988482539535,0.005054191744220651,0.013169462926598284,0.015528165504473975
133,0.008518807738048412,0.01036687715529525,0.004429100266118943,0.004938572674391221,0.012947908015962739,0.015305449829686471
134,0.008463690713493812,0.010093879576330794,0.004362808174977459,0.00499555090709535,0.012826498894625386,0.015089430483426144
135,0.008522520667125257,0.010142198646172267,0.004409830117729464,0.00513330263828161,0.012932350774255969,0.015275501284453877
136,0.008493301977653729,0.01043789485738296,0.0043582744488189,0.004943791313634552,0.012851576413138716,0.015381686171017511
137,0.008375502969637492,0.010451580618613773,0.004340428826002549,0.0050816173858050885,0.012715931771194532,0.015533198004418863
138,0.008286737541499905,0.009999831167091312,0.004304896221118713,0.005082749295979738,0.012591633775439688,0.01508258046307105
139,0.008209431029735858,0.009890672743570098,0.004275254393577652,0.004861482389869738,0.01248468541049244,0.014752155133439837
140,0.008199234165883078,0.010001758854400968,0.004296183598257885,0.0049971857770662945,0.012495417765337597,0.014998944631467262
141,0.008230894120894209,0.010686604806967719,0.004305050738440299,0.0049349608074208,0.012535944860702088,0.01562156561438852
142,0.008194277071559503,0.009661844066629038,0.004233115398846074,0.00484235053906006,0.012427392493312558,0.0145041946056891
143,0.008072408298427093,0.009524513062416124,0.004196497722133644,0.0048292409964673915,0.012268906018851262,0.014353754058883516
144,0.00798369550027183,0.010440007911489387,0.0041977762786203805,0.004985607117958546,0.012181471783678743,0.015425615029447932
145,0.007999158603523512,0.009736229218318546,0.0042121302905368035,0.004772145274300065,0.012211288897137372,0.01450837449261861
146,0.007895440261854781,0.00962589913099057,0.004169719642446692,0.0046916036775393275,0.012065159876949855,0.014317502808529897
147,0.007936720638542755,0.00959959202382035,0.004129020780975904,0.004774694499012428,0.012065741394902203,0.014374286522832779
148,0.00780768193258041,0.009871333548671141,0.004160658958971107,0.0047462430716207395,0.011968340875824336,0.01461757662029188
149,0.007753585466961876,0.00971127116230166,0.004115960964346346,0.004901437641319873,0.01186954643558191,0.014612708803621534
150,0.007988652568953262,0.010812522319411136,0.004112517520499508,0.004766570524987844,0.012101170100564364,0.01557909284439898
151,0.007830183512685758,0.00923483893739322,0.004075336425938532,0.004673214594487907,0.011905519933153967,0.013908053531881128
152,0.007611125313079261,0.00924198102298804,0.0040550964423585216,0.004657126715906041,0.01166622176706222,0.01389910773889408
153,0.007558818775941665,0.009248260741483714,0.004064817395760088,0.004664992559557185,0.01162363616195774,0.0139132533010409
154,0.007582746436559594,0.009408264391322675,0.004070669775876584,0.0047197169632270065,0.011653416239616849,0.01412798135454968
155,0.0075199768267210886,0.009385432197497934,0.003995376191698234,0.004711329578534025,0.011515353029189022,0.014096761776031958
156,0.007406348132811454,0.009490897685378995,0.003972079945733653,0.004708428449906358,0.011378428102135877,0.014199326135285352
157,0.007412445289732426,0.00986950713789084,0.003968435126660981,0.004572968132301038,0.011380880429695268,0.014442475270191879
158,0.007424109686499738,0.009478150318853582,0.003989949415399585,0.004562622093822795,0.011414059092497205,0.014040772412676377
159,0.007505660022919376,0.00913644708369785,0.003975612235668549,0.004596667150611577,0.011481272263203512,0.013733114234309425
160,0.007352246278240489,0.009048996554828439,0.003908935851908444,0.004569324109898528,0.011261182143482845,0.013618320664726966
161,0.007257613352747434,0.00896430805347911,0.003888403483811443,0.004557992480903275,0.011146016833310873,0.013522300534382387
162,0.007211072396735897,0.009448526202320182,0.003878564669042224,0.004641244836436438,0.01108963707449645,0.014089771038756619
163,0.007267038341989076,0.009046748591766171,0.0038714062934673,0.0045517266482351625,0.011138444635114481,0.013598475240001334
164,0.007158916728726961,0.00906018420647433,0.0038656654560674532,0.004506577985262005,0.011024582180948093,0.013566762191736335
165,0.007198383760017653,0.00895399979437314,0.003908074514259326,0.004485285695309389,0.011106458269319499,0.013439285489682531
166,0.007178055701665197,0.00898176127455847,0.0037910467129619175,0.004501847712694318,0.010969102398728987,0.013483608987252788
167,0.007167510163837636,0.008930105515163635,0.0038630979166574034,0.004467386028671772,0.011030608071178396,0.013397491543835406
168,0.007032469411246566,0.008948208277731417,0.0038229544666184114,0.00449658876574595,0.010855423880771087,0.013444797043477367
169,0.00701675983009075,0.00966606942594333,0.003827532241873104,0.004651139895959767,0.010844292054527197,0.014317209321903097
170,0.007347438448873211,0.009305887203503567,0.0038472329004477605,0.004611163736157811,0.011194671352739924,0.013917050939661377
171,0.006821870513905863,0.009268340131402323,0.0036921078958391334,0.004529925609724372,0.010513978418121428,0.013798265741126695
172,0.006801015832468255,0.00890500134951675,0.003695240613516207,0.004417414009679889,0.010496256456241318,0.01332241535919664
173,0.006775343425164379,0.009217188551964373,0.003716235442932219,0.004809424617164528,0.010491578858181637,0.0140266131691289
174,0.006799875656361644,0.008756856518858384,0.003694982855975978,0.0043757787431171,0.010494858512337621,0.013132635261975485
175,0.006857555934327836,0.008764276557035515,0.003701731656122783,0.004438075302984834,0.010559287589595881,0.013202351860020348
176,0.006752439067875433,0.008539678892952828,0.003694879730121286,0.004296663493682915,0.010447318804492728,0.012836342386635743
177,0.006711891951810749,0.008547460797156408,0.0036985028831550792,0.004599639695038526,0.010410394846077423,0.013147100492194934
178,0.00673353043248092,0.008530369055652638,0.003655969173641993,0.004456423622671246,0.01038949961210608,0.012986792678323885
179,0.006657587752538007,0.008647084829023051,0.0036645816352215655,0.004416897794539013,0.010322169374083763,0.013063982623562063
180,0.0066831192376417565,0.008786283083791329,0.0036613561223957157,0.004394262171385624,0.010344475347729244,0.013180545255176953
181,0.006682774861289869,0.008873354696390248,0.003619863290138674,0.0043084635499295145,0.01030263814236832,0.013181818246319763
182,0.006592781635797234,0.008638713277613943,0.003630426041535738,0.004558120143705422,0.010223207675623496,0.013196833421319365
183,0.006518590189831088,0.00878053100113965,0.003615024184367774,0.004336083081432481,0.010133614349582406,0.01311661408257213
184,0.006539847338011436,0.00833523988042065,0.003543734952544851,0.004337320561501553,0.01008358231038621,0.012672560441922205
185,0.0064532252130469255,0.0083191305786192,0.003586538430548132,0.004274025054958959,0.01003976362769693,0.01259315563357816
186,0.006475425176951547,0.008236686490264903,0.003551219232043965,0.004240809267713237,0.010026644393610227,0.01247749575797814
187,0.006379844626807026,0.00853167047573708,0.0035255730792157977,0.004297798358646455,0.009905417713715467,0.012829468834383535
188,0.0064558565087353866,0.00830796705094835,0.0035407378081172137,0.004293826793134853,0.00999659432266482,0.012601793844083203
189,0.006352654494148256,0.008481885224126304,0.003510712259264441,0.004283045811012157,0.009863366751361326,0.012764931035138462
190,0.0062756767860926935,0.008272186094491752,0.0035112079866462978,0.004279738887776444,0.009786884785560062,0.012551924982268196
191,0.006366332469811655,0.008642224114887492,0.0034796224929947574,0.004342581582722923,0.009845954980755911,0.012984805697610416
192,0.006262678126483149,0.008311757700248938,0.003462829095107693,0.004441470189397687,0.009725507215778624,0.012753227889646626
193,0.0062855719800671995,0.008378554762843549,0.0034999468079364685,0.0041630669445746745,0.009785518772618382,0.012541621707418222
194,0.006223139543874017,0.008428037046579663,0.0034801447933277174,0.004232911562668704,0.009703284353099861,0.012660948609248367
195,0.006185814987002392,0.008490463605957087,0.003428305331214157,0.004526476398961702,0.009614120329157197,0.013016940004918789
196,0.006179734400546017,0.008288539524423759,0.0034307760341030034,0.004277864523884869,0.009610510429862487,0.012566404048308628
197,0.006188232374750898,0.008292282397836396,0.0034205960591902162,0.004192770215925917,0.009608828427445105,0.012485052613762313
198,0.0061007019519743,0.00892405269133036,0.003403043992993136,0.0043496254097855945,0.009503745944369119,0.013273678101115953
199,0.006891608917224118,0.008099320358228693,0.0035378356859438044,0.004187520350172757,0.010429444603851713,0.01228684070840145
200,0.005961175485741123,0.007922060953299562,0.0032881292623567577,0.004184978957291168,0.009249304752884414,0.012107039910590731
201,0.005887183957875442,0.008406760243865377,0.0033106671238698274,0.004130102634826784,0.009197851081574322,0.01253686287869216
202,0.005945492106751045,0.008180056395380409,0.003290498290565166,0.004124009350068304,0.009235990389965464,0.012304065745448713
203,0.005948978649396258,0.007909176699157893,0.0033580387671370052,0.004041295778246347,0.009307017419952216,0.011950472477404241
204,0.0059278978059812285,0.007983176757763956,0.0032771830705149037,0.00419457152740281,0.00920508086658117,0.012177748285166766
205,0.0059450385945393714,0.008111213017063043,0.00334612448146244,0.004141338411606592,0.009291163064804743,0.012252551428669635
206,0.005972742255525486,0.008286243009371395,0.0033264386697731112,0.004117072532689551,0.00929918092717902,0.012403315542060946
207,0.0061559224254745725,0.007841094200182515,0.0033355501244321916,0.004004313473276077,0.009491472566574155,0.011845407673458591
208,0.005860584956236873,0.007971940283692375,0.0032930180618283714,0.004099145697276156,0.009153603033194109,0.01207108598096853
209,0.005796252666437854,0.007926242671670117,0.003240130808568189,0.0040022080913794155,0.009036383481160157,0.011928450763049532
210,0.005837129951569576,0.008034424901911124,0.0033127788399420024,0.00415738162190951,0.009149908797238322,0.012191806523820636
211,0.005771039912296615,0.007958576129589397,0.0032809315221630332,0.004083871393771746,0.00905197142437374,0.012042447523361142
212,0.005813001278273641,0.007800302441836786,0.003252759555757467,0.004134649834499608,0.0090657608435187,0.011934952276336393
213,0.005898165806995297,0.008171954957121835,0.0032520422896762788,0.004060286176038899,0.009150208103594954,0.012232241133160736
214,0.005753865837332862,0.007757544529518669,0.0032277155284449817,0.004049610105724013,0.008981581385522294,0.011807154635242683
215,0.00581149530163508,0.008145068690526424,0.0033295137329757345,0.004120873642966945,0.009141009022986377,0.012265942333493369
216,0.005751984932585708,0.007846105142890178,0.003231254213273514,0.004021797104757855,0.008983239140388899,0.011867902247648034
217,0.005773641115906491,0.007899578165461364,0.003172260856634709,0.004006392582514903,0.008945901979379105,0.011905970747976266
218,0.005632366615493895,0.007833832968506463,0.0031641230541698514,0.00398966001108276,0.0087964896515433,0.011823492979589222
219,0.005690569237726584,0.008176230458235465,0.003147111203358748,0.0040748823742955105,0.008837680430828474,0.012251112832530974
220,0.0056444643439366735,0.008012305537904404,0.0031542000540281906,0.004255998139973742,0.008798664397793917,0.012268303677878147
221,0.005583561304033558,0.0077262037110441325,0.003128072685475233,0.004013254227199915,0.008711633990107107,0.011739457938244048
222,0.005554289443017682,0.00820174698055405,0.0031011697241151636,0.00390961375151508,0.008655459160722311,0.01211136073206913
223,0.005537714817726687,0.007784578477150898,0.003141303028669974,0.004023201012731085,0.008679017860841734,0.011807779489881983
224,0.005574854046021548,0.007741168107760628,0.003145003077186365,0.003959432687559181,0.008719857110130421,0.01170060079531981
225,0.005577135469734385,0.0080643826375533,0.003117966942253923,0.003942726552406409,0.008695102419851898,0.01200710918995971
226,0.005464958299153789,0.007877816522135511,0.003128074779497971,0.0040216138478387725,0.008593033053864357,0.011899430369974283
227,0.005494903431345111,0.008252451083498057,0.003101522173040523,0.004008251956033543,0.00859642560250521,0.0122607030395316
228,0.00561644758112187,0.007908006140296556,0.003149536764283395,0.0039340222203988855,0.008765984327284818,0.01184202836069544
229,0.005407859079803719,0.0075380537391694655,0.0030701701049303167,0.003888898149462372,0.008478029179776555,0.011426951888631838
230,0.005460414195962513,0.00795215876577774,0.003085730886278283,0.004266712040867644,0.008546145079676581,0.012218870806645384
231,0.005454480099640841,0.007650998322600403,0.003058110514813665,0.0038359323888537042,0.008512590623258308,0.011486930711454107
232,0.0054039162433728105,0.0075092597038859555,0.0030391506916790704,0.003975509115033927,0.008443066943983894,0.011484768818919883
233,0.005335488723332497,0.007777592289674375,0.00299501691113408,0.0040054445945468965,0.00833050563566321,0.011783036884221271
234,0.005326347684565653,0.00775127290088773,0.0030287738073010015,0.0039056935919691963,0.008355121491011915,0.011656966492856927
235,0.005334435193560109,0.007607041134041353,0.002989583160856769,0.003926013318319321,0.008324018346553289,0.011533054452360674
236,0.005310988447884653,0.007788364512244195,0.0029773877741476294,0.004007865709598301,0.008288376224083654,0.011796230221842495
237,0.005363552541528089,0.007692913027141,0.003036989943943535,0.0039253663343675055,0.008400542486839205,0.011618279361508506
238,0.00526331014255617,0.007616296530576404,0.0029857099253175544,0.003903417117554451,0.008249020051804648,0.011519713648130855
239,0.005254137087353504,0.007702826626304397,0.0029690064209145486,0.0038411025013102545,0.008223143509122791,0.011543929127614651
240,0.005266227093067091,0.007431210241923781,0.002937189459413695,0.0037962748469861666,0.008203416563592381,0.011227485088909948
241,0.0051788548434976486,0.0078055579495325015,0.0029609447357787718,0.004636021782212036,0.008139799570558092,0.012441579731744538
242,0.005268251070706242,0.007531068171774552,0.002984890140844003,0.003868787644648624,0.0082531412130033,0.011399855816423176
243,0.005096889383203341,0.007395918574664243,0.0029136247751022663,0.003729289952070289,0.008010514147194012,0.011125208526734532
244,0.0052204075872504235,0.007601401619005091,0.0029575818517620068,0.003855962759120665,0.00817798944593581,0.011457364378125756
245,0.005164350771718547,0.007289766712447058,0.0029207862785055948,0.003974383763722512,0.008085137047830876,0.011264150476169571
246,0.005072840807067775,0.007573040427889713,0.002860450441487511,0.0039001295568671115,0.00793329125855572,0.011473169984756825
247,0.0050625560887940175,0.007395894715524058,0.002914033575197504,0.0037512369181871208,0.007976589668350685,0.011147131633711178
248,0.005082887993475692,0.007517271699972732,0.0028809226056561816,0.0038605876242153066,0.007963810592037547,0.011377859324188038
249,0.0050540356830148115,0.007710503250251675,0.002860046496646268,0.0038437327070808187,0.007914082189917937,0.011554235957332492
250,0.004987505425612898,0.007505645541013363,0.002863373542436988,0.004091229587009247,0.007850878966682304,0.01159687512802261
251,0.0051068800146638164,0.008025244587257863,0.0029198454078232182,0.004088218184668072,0.00802672541496534,0.012113462771925935
252,0.0049954060685277945,0.007499708062761121,0.0028563999664414507,0.003791940708955129,0.007851806034370929,0.01129164877171625
253,0.005051031369728237,0.00731933007138394,0.002868798732170876,0.0037194161537452202,0.00791983009642879,0.01103874622512916
254,0.0049481105831042805,0.0073202271054457245,0.0028120218248793064,0.0038366401988110437,0.007760132412342751,0.011156867304256768
255,0.005007398274088505,0.007667526178689245,0.0028638950832497205,0.003854434847626899,0.007871293355799697,0.011521961026316144
256,0.004965273730413066,0.007453266828068087,0.002833637654563896,0.0037509482073888848,0.007798911391643919,0.011204215035456972
257,0.004935017812220317,0.007384464100700934,0.0028113336174129325,0.003694907038815038,0.007746351426043349,0.011079371139515973
258,0.004848672289718571,0.0074286529541502085,0.0027548483032363955,0.003794412566284902,0.00760352058492043,0.01122306552043511
259,0.004875626550917616,0.007211907817966135,0.0027841127286295894,0.0037762651874450165,0.007659739274504251,0.010988173005411151
260,0.004859828984053059,0.007144814027518136,0.0028043373913292893,0.003762591917058165,0.007664166370894974,0.010907405944576301
261,0.004897153621099113,0.0075352069764970915,0.002792327768386789,0.0038406525604919727,0.0076894813901696914,0.011375859536989065
262,0.004854886038208356,0.007611772715981372,0.002739098077747976,0.0037943312883876343,0.007593984118349598,0.011406104004369005
263,0.0047453314121662146,0.007380604719954361,0.002727947490858721,0.0037317312521783193,0.007473278906614835,0.01111233597213268
264,0.0048076923155032985,0.007335421625249523,0.002764169052301355,0.0038885447961563096,0.007571861362932647,0.011223966421405832
265,0.004805314575804728,0.0072819078877197,0.0027489747603187302,0.003763270617184258,0.007554289348089791,0.011045178504903958
266,0.004788203914882274,0.007154690555402452,0.0027585812689115605,0.003728982544011241,0.007546785169263287,0.010883673099413693
267,0.004827266365833986,0.0073880412154975015,0.0027529562805695858,0.003774575503859861,0.007580222654950951,0.011162616719357362
268,0.004721860244573421,0.007083995262948201,0.0026822908347774784,0.003682106937749049,0.007404151074478892,0.01076610220069725
269,0.004698678951302923,0.007245867617133864,0.002722736617373152,0.0037165591445242623,0.007421415582608306,0.010962426761658126
270,0.004783620550324552,0.007185480909428441,0.0027172652026364874,0.0037721524085478275,0.007500885752277249,0.010957633317976268
271,0.00473804026363464,0.007389032357945219,0.002708107890255569,0.0038067385213468798,0.007446148164745382,0.011195770879292098
272,0.004692767728797041,0.007278635125780075,0.0027028904713569933,0.0037339479127207523,0.007395658199299296,0.011012583038500827
273,0.0046365339163329765,0.007144081197867868,0.0026745397017868,0.003650548121383049,0.007311073617350512,0.010794629319250916
274,0.004628190106613816,0.007233402118906123,0.0026448744398072667,0.003699085879606864,0.007273064544369712,0.010932487998512987
275,0.0049114341865718995,0.007344240099479703,0.002757612806259382,0.003689579842884183,0.0076690469800102115,0.011033819942363887
276,0.004576917600964309,0.0069935873336449935,0.0026183242746526253,0.0036202478334563704,0.0071952418629668115,0.010613835167101364
277,0.004543186385743867,0.007148229323417153,0.002646733573692606,0.0036181165517509446,0.007189919971744701,0.010766345875168098
278,0.004593333854577976,0.007052411617314334,0.0026586641839236327,0.0037314200900251822,0.007251998055425422,0.010783831707339516
279,0.004544355042747847,0.007073233884205574,0.0026079038893646682,0.003609158141503296,0.007152258941258212,0.010682392025708871
280,0.004596371134769079,0.007084349566379313,0.0026333661508580967,0.0037673514574778962,0.007229737277250742,0.010851701023857208
281,0.004565474989060887,0.0074474029987090335,0.0026089993765182444,0.003851974667433995,0.007174474372844405,0.011299377666143029
282,0.004536368327198903,0.007020040830482066,0.0026052374680452703,0.003669969754331966,0.007141605792936381,0.010690010584814032
283,0.0044930569583785315,0.007112704058212974,0.0025935469163792337,0.0036741753346430732,0.007086603875270608,0.010786879392856047
284,0.0045730910606192705,0.007061388395579462,0.002601668029058063,0.003805606163913365,0.007174759087113119,0.010866994559492827
285,0.004536515427787519,0.006987540584211189,0.00260491606653921,0.003757013856510142,0.007141431486548612,0.010744554440721333
286,0.00447790745526782,0.006928616180964762,0.0025787355320831752,0.003633398434252853,0.007056642991795633,0.010562014615217614
287,0.004432871706972498,0.007020885095198693,0.002557661166385899,0.003571447719503002,0.006990532877119244,0.010592332814701694
288,0.004499613287586517,0.007146786131873676,0.0025745221317428468,0.00362510418141728,0.0070741354342872785,0.010771890313290955
289,0.004466525164963445,0.007101259382339227,0.002571792998378508,0.003644181052990949,0.00703831817000891,0.010745440435330175
290,0.004399187160962195,0.007220078150892176,0.0025201926162403496,0.003682092484246773,0.006919379775834963,0.01090217063513895
291,0.004433748295199723,0.007093533955968891,0.0025621949176737567,0.0036122418001543768,0.00699594320637747,0.010705775756123267
292,0.00439407158846093,0.007055091403610364,0.0025147619630208735,0.00361904820916963,0.006908833554558861,0.010674139612779994
293,0.004390728081612083,0.007074028265156825,0.002527650895719273,0.003635496509987925,0.006918378984767577,0.01070952477514475
294,0.004445669414590437,0.007333622102007987,0.0025452380071164394,0.003604052311507185,0.006990907418715293,0.010937674413515171
295,0.004345427097673371,0.006842766353169207,0.0025250355832048977,0.00361091337291543,0.006870462671647097,0.010453679726084637
296,0.004348578058366449,0.006975616930097444,0.0025313987130662985,0.003552143944465776,0.0068799767700651665,0.01052776087456322
297,0.004366196852595178,0.007066527366337344,0.0025190287082891625,0.0036087988902209806,0.0068852255586192845,0.010675326256558324
298,0.00429826619041326,0.007112400800700194,0.0024779713249364634,0.003650828348264687,0.006776237506460447,0.010763229148964881
299,0.0042566396044731334,0.0069302465679456846,0.002473706186276542,0.0036435736878535027,0.006730345801604849,0.010573820255799187
300,0.004221785688436373,0.006820192604559343,0.0024557764031315735,0.0035782545125688015,0.006677562088490889,0.010398447117128144
301,0.004250789348551629,0.007030381056195272,0.0024506525687323596,0.003606814482246119,0.006701441921386731,0.01063719553844139
302,0.004229391225006447,0.007013993506572654,0.0024127901696549417,0.003625260055132364,0.0066421813948323374,0.010639253561705019
303,0.004200449135775368,0.0068805110944863855,0.0024436917294448626,0.0035498921300966256,0.006644140856843797,0.010430403224583011
304,0.004209078683397526,0.006953417626769631,0.0024374312119970097,0.0036859514985451173,0.006646509897018538,0.010639369125314747
305,0.004225651984357394,0.007664638363413794,0.002442346009437443,0.003792237465212256,0.0066679979942222065,0.01145687582862605
306,0.004216188652079864,0.006855300423621978,0.002444318608772666,0.0034828798363746956,0.006660507256493366,0.010338180259996672
307,0.004205630374552679,0.006944065687928311,0.0024239797378984578,0.0035534791121918617,0.0066296101141606134,0.010497544800120173
308,0.00414409767157884,0.0070917967305265854,0.002397280953549418,0.0035706495460526076,0.0065413786201714876,0.010662446276579193
309,0.004137867901654758,0.007159003575054026,0.0024104888862745617,0.0036512629594653845,0.0065483567822880485,0.01081026653451941
310,0.004195355295672706,0.0068793565169284025,0.0024046590756016365,0.003583443198269841,0.006600014364521912,0.010462799715198244
311,0.004111705885696801,0.006935248925923482,0.0023838228147945993,0.003524420680910272,0.006495528702115402,0.010459669606833755
312,0.004108543304327148,0.00692671529398239,0.002380568274893769,0.003563582148687767,0.0064891115858024,0.010490297442670157
313,0.004081664662999641,0.006756147541765034,0.002377008413972891,0.0036999781510418223,0.00645867307231421,0.010456125692806857
314,0.00408907000692739,0.006935871111811539,0.002398066234975922,0.0035167581412166716,0.006487136246518898,0.010452629253028211
315,0.004084930313811275,0.007070844101677953,0.0023545087948503044,0.0036236443948896788,0.006439439102934835,0.010694488496567631
316,0.0040743469972458835,0.006867050973352851,0.002356110760494561,0.003557911311129038,0.006430457759150762,0.010424962284481889
317,0.004092598196512934,0.006934820580747477,0.00236599138541634,0.003559259615384068,0.006458589576373476,0.010494080196131546
318,0.004076090693287825,0.007045591862142547,0.002356158562446295,0.0036372445076479996,0.00643224925282801,0.010682836369790547
319,0.004057915302447526,0.006846500066976316,0.002341182164047132,0.0035115341556696956,0.00639909747102477,0.010358034222646011
320,0.004053618313598333,0.006802094560212542,0.0023343024813678123,0.003617970155683247,0.0063879208030006825,0.010420064715895789
321,0.004035941915068278,0.006748681007868441,0.0023416952645780842,0.0035106340095983285,0.006377637188535638,0.010259315017466769
322,0.004014323119870039,0.006858104358257604,0.002326810174852763,0.0035203683187647423,0.00634113329267143,0.010378472677022346
323,0.003984449783281291,0.006719780061714018,0.0023164677130408508,0.003466056398183261,0.006300917500424884,0.01018583645989728
324,0.003977414713242528,0.006886094428528471,0.002300797897290504,0.0035156185468306757,0.006278212605490077,0.010401712975359148
325,0.003974884625547531,0.00714601444870976,0.0023495449438224792,0.0036114676382642276,0.006324429576122441,0.010757482086973988
326,0.004257958562204973,0.006737354805187364,0.0023453407165308577,0.0035492560811840076,0.00660329927377835,0.010286610886371372
327,0.0038756016546466474,0.006643978978068763,0.002248959405817469,0.0034334149237248497,0.006124561049437996,0.010077393901793612
328,0.003942615110509196,0.006690797467213572,0.002284035378439344,0.0035939027636897624,0.00622665049322223,0.010284700230903335
329,0.003927564431869434,0.006937357020177126,0.0022862313086031588,0.003620203252788953,0.006213795751669662,0.010557560272966079
330,0.003903508713970128,0.006827833684628567,0.002282730005999477,0.0036207499191376197,0.006186238716465179,0.010448583603766187
331,0.0038704122840625163,0.006714304851502487,0.0022538807459357474,0.003454244532382365,0.006124293028545209,0.010168549383884853
332,0.00390775371944633,0.006938096147056196,0.0022592773666487743,0.003465864256894875,0.006167031085753209,0.01040396040395107
333,0.003869998161940837,0.006779777257354399,0.0022368962105866878,0.00359943832984495,0.006106894362954458,0.010379215587199349
334,0.0038739521659516816,0.006886129330722071,0.0022447329426010616,0.0035615287472324326,0.006118685109322007,0.010447658077954504
335,0.00389135602834975,0.006902181125754856,0.0022424261877005552,0.0035329023148077203,0.006133782219554731,0.010435083440562576
336,0.0038693076248859193,0.006708062171481575,0.0022346878089400477,0.0034395464319140487,0.006103995442800716,0.010147608603395624
337,0.0037962104188395927,0.006830714485380811,0.00219380388608361,0.0034699931359110574,0.005990014297828877,0.010300707621291868
338,0.003877969934446423,0.006893665641802283,0.0022512299413642357,0.00348629993290554,0.006129199875212341,0.010379965574707823
339,0.0037491751096940295,0.006891185993847158,0.002184844494622239,0.0034432105469610224,0.0059340196055129016,0.01033439654080818
340,0.003825314097836745,0.006888539860780348,0.002202291483768616,0.0035201231264941316,0.0060276055804942014,0.01040866298727448
341,0.003819798915469185,0.006829768620892284,0.0022166529393849946,0.003474482502772303,0.006036451845067429,0.010304251123664588
342,0.0037590212984593167,0.006773122319874843,0.0021797678438145204,0.0035106807781537016,0.005938789150308374,0.010283803098028545
343,0.0037776010609115646,0.006995232211733141,0.002201748019993434,0.0034338488704380916,0.005979349083682897,0.010429081082171233
344,0.0037836401144496646,0.006766389155299547,0.0021822747840920787,0.0034878284108738615,0.005965914890421732,0.010254217566173408
345,0.0037098058742825245,0.006673377729741107,0.0021683828962150353,0.0035036095514848725,0.0058781887693864,0.01017698728122598
346,0.003742758515796921,0.006658208546871992,0.00216583098970742,0.003434400272210004,0.005908589493196113,0.010092608819081996
347,0.003746554885598422,0.006642217014970649,0.0021534369123016486,0.003423831552823948,0.0058999917926006945,0.010066048567794595
348,0.0037603663330522973,0.0067625303030225264,0.0021777259059494467,0.0035764041734392088,0.005938092245284069,0.010338934476461736
349,0.0037002337451343165,0.006677770195048801,0.0021632802912010846,0.0034003579929867867,0.005863514039583405,0.01007812818803559
350,0.003739340177145014,0.006753962285355809,0.002160819628236271,0.003476145705272191,0.005900159787431786,0.010230107990628
351,0.0036877626482234574,0.006816373366696113,0.002135261434021648,0.003442816614714224,0.005823024080193734,0.010259189981410337
352,0.0036709271947458037,0.0068130634782701425,0.0021419187365120302,0.003479288004041102,0.005812845947925226,0.010292351482311245
353,0.003661684682418383,0.006651308975595328,0.0021255181940093297,0.0034210647878803544,0.005787202877111503,0.010072373763475683
354,0.0036732061848484755,0.006718834862913105,0.0021190151347260425,0.0033985128393396735,0.00579222131871978,0.010117347702252777
355,0.003636352415470114,0.006837385480973832,0.0021089495614363516,0.0035143402569904874,0.005745301971713932,0.010351725737964319
356,0.0036406095651499433,0.006823532063277163,0.0021076039607717317,0.0035078306478381004,0.005748213530879156,0.010331362711115264
357,0.0036050392627283907,0.006748867063955932,0.0020977898372478085,0.0034410824060689695,0.005702829082795964,0.010189949470024901
358,0.0036404897120716965,0.006632859648214941,0.002099620801445901,0.003461788051611267,0.005740110510953383,0.010094647699826207
359,0.003616984624797875,0.006845938712294467,0.0021067037549356705,0.0034449055988527194,0.005723688390075876,0.010290844311147187
360,0.0036080005286718213,0.006732738072763092,0.002076407612172173,0.0034600339767513508,0.005684408144006525,0.010192772049514442
361,0.00358171279134609,0.006716532019827886,0.0020716577119921525,0.0034701620865472405,0.005653370509919726,0.010186694106375127
362,0.0035708546202572367,0.006700150720627908,0.0020815535257372145,0.003387133176422508,0.005652408155738465,0.010087283897050416
363,0.003541321827716874,0.006556504019584085,0.0020623098187546535,0.003369109204624655,0.005603631638693411,0.009925613224208738
364,0.0035950910637125087,0.00667198024901379,0.002074018420436845,0.0034275595038726005,0.0056691094781661875,0.01009953975288639
365,0.0035293388003332983,0.006683805514178223,0.002042972147683565,0.003370771505405864,0.005572310970923843,0.010054577019584086
366,0.003515806505367674,0.006552448049763736,0.002037535980463482,0.0033291014430634805,0.005553342496686329,0.009881549492827216
367,0.0035217762996528775,0.006758919512193739,0.0020448365587215985,0.003378682272969601,0.005566612854015312,0.01013760178516334
368,0.003526930436567183,0.00671231918616214,0.002051511398128886,0.0034494533589993093,0.005578441832559225,0.010161772545161448
369,0.0035398468067842194,0.006700811102743104,0.002043317214877477,0.0034806016757380205,0.0055831640111911555,0.010181412778481124
370,0.003516938902759752,0.006789544214817769,0.0020345617505799015,0.003435111197377347,0.005551500643894799,0.010224655412195116
371,0.0034433166448932235,0.006642898558270941,0.001996298502479706,0.0034477683872342927,0.005439615148569562,0.010090666945505235
372,0.003474954343380382,0.006929944037728626,0.002025927002688736,0.003437379123066965,0.005500881345983644,0.010367323160795592
373,0.003430352489007213,0.0066123021129659565,0.0019969672040118756,0.003365381209970263,0.005427319689300978,0.00997768332293622
374,0.0034700364570021246,0.006647128014924498,0.0020028392752843107,0.003465194663167307,0.005472875737500337,0.010112322678091805
375,0.0034408076799121823,0.006696826449508981,0.001996983066197791,0.0034620454522886687,0.005437790740468702,0.010158871901797649
376,0.0034444808508488304,0.0068522349945701585,0.002016248018378269,0.0033936179951121357,0.0054607288773471105,0.010245852989682294
377,0.003432198379410324,0.006671549281092598,0.0019850568412857817,0.0034271678639275,0.0054172552190721035,0.010098717145020097
378,0.003434270572651686,0.006650515510364599,0.00198154393091207,0.003401339736597491,0.005415814498264381,0.01005185524696209
379,0.00344762348699166,0.0067817987226064975,0.0020072776591747166,0.0034665945130064315,0.0054549011398413155,0.01024839323561293
380,0.0033937876323708463,0.00658190595562157,0.001967862201837492,0.003412985346916922,0.005361649838567502,0.009994891302538491
381,0.003397618741632635,0.006644057019540074,0.0019712829056350452,0.0034027907903757446,0.005368901648293366,0.010046847809915818
382,0.0033467565342632124,0.006710332527491056,0.0019480040259816562,0.0034389775018351747,0.005294760554090755,0.01014931002932623
383,0.003349660181545717,0.006847710132637282,0.0019506516965706498,0.0033807162774720347,0.0053003118876039585,0.010228426410109317
384,0.0033686171797283333,0.006881948169224809,0.0019453009982831316,0.0034638987166032554,0.005313918183396315,0.010345846885828064
385,0.003353389665018083,0.006785646755459536,0.0019472535665758315,0.0033716929902857062,0.005300643224585063,0.010157339745745241
386,0.003377796508195412,0.00664907933974517,0.0019431627838784847,0.0033984230295194895,0.005320959285492414,0.010047502369264659
387,0.0033286749207511786,0.0066398268135879,0.0019289908490298254,0.003404832114241505,0.005257665773541851,0.010044658927829405
388,0.003307730074963025,0.006751648664852137,0.0019254258566890896,0.003403040148394624,0.005233155938190861,0.010154688813246762
389,0.003294075975124827,0.0068446849132776,0.0019049405873508333,0.0034404242022404658,0.005199016555210387,0.010285109115518066
390,0.003316427251510732,0.006696853229833632,0.0019263479289039422,0.00337347671664816,0.0052427751808420435,0.010070329946481792
391,0.003349807801131274,0.006641012189999428,0.0019370137536320452,0.003364564551687015,0.005286821552241842,0.010005576741686444
392,0.0033037215895217772,0.0067260074653243485,0.0019156263323046715,0.003382265322547265,0.0052193479221683435,0.010108272787871613
393,0.003278836855807078,0.006624643752492222,0.0018924677680573383,0.003380831970698824,0.005171304634890537,0.010005475723191047
394,0.0033022867224730343,0.006822515950342992,0.0019073765904392373,0.003412977805524373,0.005209663309322372,0.010235493755867365
395,0.00325745316656517,0.00656862709314412,0.001885640698094632,0.003384994752977133,0.005143093864574328,0.009953621846121252
396,0.0032449306972480753,0.006679088970217406,0.0018827136274852494,0.0033825958432482485,0.005127644323451218,0.010061684813465654
397,0.0032406697792846232,0.006594528840163473,0.0018865819158006552,0.0033597576946397777,0.005127251695598122,0.00995428653480325
398,0.0032264915421104574,0.006697783070613223,0.0018686331961052314,0.003361232674367009,0.005095124736677161,0.010059015744980233
399,0.0032431757643924157,0.00663157969735614,0.0018804800371785078,0.0033744846945116458,0.005123655799476816,0.010006064391867785
400,0.003249275578779446,0.006629714329448557,0.0018742174842147357,0.0033248956043183597,0.005123493064532711,0.009954609933766918
401,0.00320707571045899,0.0068337579311393325,0.0018635529724924816,0.0034358745750481473,0.005070628679019676,0.01026963250618748
402,0.0031764645645020206,0.006792186898630611,0.0018448725318134093,0.0034553964047843136,0.005021337094093111,0.010247583303414924
403,0.0031860850106243716,0.00673723445814807,0.001857951590049432,0.003365780930578888,0.005044036607426234,0.010103015388726959
404,0.0032004513456410947,0.006788324121036967,0.001855867146018608,0.0034780384451822983,0.005056318491916125,0.010266362566219265
405,0.003185176820851173,0.006554588655096277,0.001855895937955152,0.0033259509668183028,0.00504107276273812,0.00988053962191458
406,0.003150611349330906,0.006511519040953995,0.0018309472450472293,0.0033510250469055217,0.00498155859224129,0.009862544087859517
407,0.003172474459604129,0.0069758348555793775,0.001834710562812293,0.0034522884089301284,0.005007185029425274,0.010428123264509506
408,0.003154030410065514,0.006599824333121789,0.0018233942121291934,0.0033752892464015286,0.0049774246261265025,0.009975113579523317
409,0.003110556495027198,0.0065992052092367325,0.001809654420870117,0.0033450348945206535,0.004920210917008475,0.009944240103757386
410,0.003135914169662193,0.0067273753021501285,0.0018141139577322048,0.003407769750074013,0.004950028131839036,0.010135145052224142
411,0.0031412751569444104,0.007104541261478798,0.0018259353062005305,0.0034673250759583722,0.004967210467846,0.01057186633743717
412,0.003122339353444692,0.006680907431951503,0.0017982652341118205,0.0033989280859917353,0.004920604583368296,0.010079835517943237
413,0.003111899475171812,0.0069167240870047575,0.001804159590456479,0.0034435869104955407,0.004916059068320716,0.010360310997500299
414,0.0031481915840430516,0.006543437787091609,0.0018095622936136495,0.003314160533438203,0.004957753888511874,0.009857598320529811
415,0.0030850164112587093,0.006640118722407038,0.0017928971395972794,0.0033445890122365297,0.0048779135517962,0.009984707734643569
416,0.0030821656859370437,0.006554050674690798,0.0017994723016759942,0.0033345453839595477,0.004881637994878311,0.009888596058650346
417,0.003060249779776844,0.006719934566048873,0.0017678889474337825,0.0033709810889898913,0.004828138728749155,0.010090915655038765
418,0.0030689124645673495,0.006636487216851914,0.0017667378323041887,0.0033386827428918014,0.004835650303111126,0.009975169959743716
419,0.00305000866374217,0.006563951404560421,0.00176826095191089,0.0033472769800093525,0.004818269618473695,0.009911228384569773
420,0.003063236824961628,0.00666713428721984,0.0017800897106161771,0.003375762180646056,0.004843326550108352,0.010042896467865896
421,0.003055522882649005,0.006716024577041569,0.0017628548091596127,0.003419365752264345,0.004818377694287358,0.010135390329305915
422,0.003078355042095653,0.006557429627406562,0.001785497222486856,0.003407388641514985,0.004863852264582509,0.009964818268921547
423,0.003046011266903063,0.006523824201679158,0.0017668244608598604,0.0033579906560736628,0.004812835715882064,0.009881814857752821
424,0.003017443097018734,0.006522157899971373,0.0017478464884312876,0.00334489324867815,0.004765289585877391,0.009867051148649523
425,0.003038541190244159,0.006541893303816773,0.0017567359390716437,0.0033573789651668872,0.0047952771332475976,0.00989927226898366
426,0.003023347627780456,0.006592376320862893,0.0017473024193733581,0.003344456287568173,0.004770650050572767,0.009936832608431066
427,0.003011848071348004,0.0067934239686457155,0.0017466030427030453,0.0033926744517290973,0.004758451104905352,0.010186098420374812
428,0.0030142118907827615,0.006596284107180293,0.001743032376312004,0.003333230864551059,0.004757244258718332,0.009929514971731352
429,0.002996609905917914,0.0068858856706531186,0.0017324456958395598,0.003475160955665857,0.004729055599706103,0.010361046626318976
430,0.0029703546582964604,0.006653073122180819,0.00172061898564221,0.0033668377936763296,0.00469097364560541,0.010019910915857149
431,0.0029631563340602293,0.006444524515170566,0.0017124286041801547,0.003314432555639995,0.004675584939266069,0.009758957070810561
432,0.002954237844464034,0.006638269595436982,0.0017130634407772683,0.0033536939541697246,0.0046673012774631865,0.009991963549606707
433,0.0029318260357006783,0.006583652033829018,0.0016947530785085916,0.0033670905385409637,0.004626579104037887,0.009950742572369982
434,0.002979542299304718,0.006497187278300677,0.0017202535236719996,0.003320663882966739,0.004699795825028089,0.009817851161267417
435,0.002945059545785353,0.006712849525161907,0.001708520261728767,0.003376068886212646,0.004653579807257698,0.010088918411374553
436,0.0029340124885290425,0.006591445560762307,0.0016987980686578757,0.0033640533612074516,0.004632810560648607,0.009955498921969758
437,0.002918216633106474,0.006651180423876187,0.0016917009035668305,0.0033688973691442478,0.004609917541288889,0.010020077793020435
438,0.002944199579307008,0.006484469224433207,0.001704142804677419,0.003311721774864673,0.0046483423809073705,0.00979619099929788
439,0.002917127213481863,0.006643507069559237,0.0016891536096530788,0.0033385875235596523,0.004606280832793482,0.00998209459311889
440,0.0029128203949741966,0.006573348834188943,0.001687841015061358,0.003378010199715694,0.004600661418540198,0.009951359033904638
441,0.002886049235930253,0.00657302771472529,0.0016680188022233223,0.003310483720319992,0.004554068041615265,0.009883511435045282
442,0.0029033447687429334,0.006730544530063279,0.0016803014656359935,0.0033588853158229557,0.004583646226387126,0.010089429845886235
443,0.0028703430103050563,0.006718539077583764,0.0016591305346686323,0.003361250747945736,0.004529473544973689,0.0100797898255295
444,0.002915281347866155,0.006561740973237838,0.0016809821065765548,0.0033671066814655905,0.004596263453673446,0.009928847654703428
445,0.0028588590367728635,0.006668790571609211,0.0016573534932014192,0.0033556870296853514,0.004516212527452806,0.010024477601294563
446,0.0028608140375645675,0.0065968859407897155,0.0016543775189684351,0.0033331615026220935,0.004515191555678265,0.00993004744341181
447,0.0028399617175972323,0.006804890783833295,0.001647375485538088,0.003388269968839727,0.004487337201981424,0.010193160752673023
448,0.002874272987116593,0.0066880632849583,0.0016511383867465648,0.0033993016191537387,0.004525411376427372,0.010087364904112038
449,0.002861048110484497,0.006602470330970804,0.0016507077615136464,0.0033250469950434217,0.004511755877126572,0.009927517326014225
450,0.002834272366454729,0.006624144115133204,0.0016452529329687587,0.0033403134003083166,0.0044795253001927516,0.00996445751544152
451,0.002806598934989078,0.0066277160244446595,0.001622080208703591,0.003359506459973906,0.004428679138906136,0.009987222484418565
452,0.0028112107778799538,0.006735383705764087,0.0016295479233793793,0.003410830238075524,0.004440758705533024,0.01014621394383961
453,0.002828571584302024,0.0066033768782846605,0.0016415026012388237,0.003346345595026523,0.004470074189130748,0.009949722473311183
454,0.002836658181718355,0.006563448682795455,0.0016384751043793924,0.003346674019851661,0.0044751332870379594,0.009910122702647116
455,0.002823918145156784,0.006603284412514917,0.0016234649456651107,0.0033399679644442967,0.004447383091035579,0.009943252376959213
456,0.002799190178177786,0.006670882001269571,0.001618999733128715,0.003373974078107638,0.004418189899596589,0.01004485607937721
457,0.00279740112640166,0.006695081586261436,0.001611377356466926,0.003386985423376214,0.004408778489236385,0.01008206700963765
458,0.002792420510541806,0.006585608220489574,0.0016116275867138184,0.0033390844901671625,0.0044040481020421575,0.009924692710656737
459,0.0028178274556112347,0.0066206329014101084,0.0016309364741393221,0.0033699918139879544,0.0044487639270153955,0.009990624715398062
460,0.0027757845619842464,0.006597143734718875,0.0016067136223865577,0.0033347333919039298,0.004382498183857961,0.009931877126622805
461,0.002790712039451362,0.0067731803347103785,0.001614574490237445,0.003398574860302469,0.004405286524987748,0.010171755195012847
462,0.002791971661609963,0.006785401166336694,0.0016105764294378241,0.003430711329895427,0.004402548081389247,0.01021611249623212
463,0.0027665262693120783,0.006761121199965554,0.0015982136323674692,0.00336625230301786,0.004364739894243326,0.010127373502983414
464,0.002753611312660822,0.0066851240213115495,0.0015861873795560775,0.003411750712422366,0.004339798688156894,0.010096874733733916
465,0.002763245315526895,0.006623548031480554,0.001601348861264921,0.0033507643505943704,0.004364594176449921,0.009974312382074925
466,0.002745315892568539,0.006785775112353035,0.0015823786137878577,0.0034034170067942736,0.004327694500971547,0.010189192119147308
467,0.002742368660910977,0.006713877908911083,0.0015825158226640181,0.003388446726103368,0.004324884488617949,0.01010232463501445
468,0.002740594894842692,0.006656290649650842,0.0015909386011183798,0.003404822268145626,0.004331533499465498,0.010061112917796468
469,0.0027253408382083297,0.006718745521154523,0.0015739196602124503,0.0034063305902611654,0.004299260497608779,0.01012507611141569
470,0.0027201452758163214,0.006736600861158158,0.0015722274567956506,0.0034064619007433965,0.004292372729022072,0.010143062761901555
471,0.0027342897704111823,0.006731365780950975,0.0015816420458839105,0.0033842992626412216,0.004315931825227106,0.010115665043592197
472,0.002696209438175931,0.006647822827971268,0.0015508861107636851,0.0033865817302447514,0.004247095548512247,0.01003440455821602
473,0.002695932596813882,0.006681612390333537,0.001563341670673718,0.0033889490186118382,0.004259274269026128,0.010070561408945375
474,0.0027169701620210207,0.006643262977433419,0.0015730612285444773,0.0033360751088919866,0.004290031397745297,0.009979338086325406
475,0.0026713905227097046,0.0066374677499032924,0.0015430407756399337,0.0033702173436707034,0.004214431289460362,0.010007685093573996
476,0.0027212846863340647,0.0067229937478784745,0.0015646548621717528,0.0034058000428339665,0.0042859395518392955,0.01012879379071244
477,0.0027186753936542713,0.006870053798165109,0.001564521796339111,0.0034336192466164987,0.004283197182087055,0.010303673044781607
478,0.0026799754753145397,0.006791505386934478,0.0015465070120169728,0.0034023214638060364,0.004226482489040988,0.010193826850740514
479,0.002681959559593935,0.006713456871896931,0.0015457019177552657,0.0033828831790655186,0.00422766147418667,0.01009634005096245
480,0.0026630354230121195,0.006834667594463299,0.00153387108793422,0.0034222833730626046,0.004196906511715604,0.010256950967525904
481,0.0026750487884678897,0.006664913108482752,0.001545768149440531,0.0033954949905500584,0.004220816940643583,0.010060408099032811
482,0.0026768598090631617,0.006855830002921759,0.0015474094494779132,0.003460906567996131,0.004224269273937044,0.01031673657091789
483,0.0026510710611415645,0.006641150522205813,0.001528730764569682,0.0034071010068583837,0.004179801822164084,0.010048251529064196
484,0.002686578001062524,0.006647467587616845,0.0015486685647447998,0.0033820237039469975,0.004235246563200372,0.010029491291563842
485,0.002620910651121622,0.006731914378753847,0.0015125736418465992,0.0033972567796252693,0.004133484298438545,0.010129171158379116
486,0.002623812399859979,0.006691567761794731,0.0015088402832056178,0.003389380428591212,0.004132652686527286,0.010080948190385942
487,0.0026440645465333284,0.0067694826544457696,0.0015265964315732375,0.0033994414927629927,0.004170660974345718,0.010168924147208762
488,0.002629703924158334,0.006747936663102627,0.0015197093831888083,0.0033868620775422383,0.004149413304868402,0.010134798740644865
489,0.002641738160265809,0.006649489090873946,0.001526314767779134,0.003395240411844066,0.004168052935908533,0.010044729502718012
490,0.0026392778236399815,0.0067200654688774515,0.001522515202197554,0.003409877245448837,0.004161793025923009,0.010129942714326289
491,0.002612326816428677,0.006665583467911097,0.0015090119695648546,0.0033931975725788586,0.004121338787403849,0.010058781040489954
492,0.0026242383568555873,0.006584877738348269,0.0015149456883914681,0.0033638619660172624,0.004139184052426855,0.009948739704365531
493,0.0026092664619002397,0.006661602117511671,0.0015041478999726961,0.003383330077083327,0.004113414359693354,0.010044932194594998
494,0.0026241077892085684,0.0065950938905317245,0.0015105947495879888,0.003338757465926361,0.004134702540335085,0.009933851356458086
495,0.0026142969910430114,0.006689693790354808,0.0015094288897570004,0.0033955458812479607,0.004123725883065068,0.01008523967160277
496,0.0026138563669989606,0.006668688428965861,0.0015100457201860215,0.0033813911694969305,0.004123902085432769,0.010050079598462791
497,0.0026038300691147865,0.006700032973930854,0.001502939119470742,0.0034042699918586158,0.00410676918952574,0.01010430296578947
498,0.002600986946004247,0.006713934335537588,0.0014992541296010298,0.003387867347849373,0.00410024107915244,0.01010180168338696
499,0.002603330533191146,0.006669445911460777,0.0014999492162983542,0.0033610720456261,0.00410327974521581,0.010030517957086876
